{"cameraMode":{"drawMode":0,"name":"Shaded","section":"Shading Mode"},"sceneLighting":true,"audioPlay":false,"sceneViewState":{"showFog":true,"showMaterialUpdate":false,"showSkybox":true,"showFlares":true,"showImageEffects":true,"showParticleSystems":true},"in2DMode":false,"pivot":{"x":1.6757761240005494,"y":2.353454113006592,"z":16.793432235717775},"rotation":{"x":0.08799298852682114,"y":-0.042737722396850589,"z":-0.003895754925906658,"w":-0.9952431321144104},"size":9.816868782043457,"orthographic":false}