{"cameraMode":{"drawMode":0,"name":"Shaded","section":"Shading Mode"},"sceneLighting":true,"audioPlay":false,"sceneViewState":{"showFog":true,"showMaterialUpdate":false,"showSkybox":true,"showFlares":true,"showImageEffects":true,"showParticleSystems":true},"in2DMode":false,"pivot":{"x":3.659513473510742,"y":-3.2634994983673097,"z":37.914405822753909},"rotation":{"x":0.03385947272181511,"y":0.047329649329185489,"z":-0.0016198022058233619,"w":0.9983586072921753},"size":20.963191986083986,"orthographic":false}