{"cameraMode":{"drawMode":0,"name":"Shaded","section":"Shading Mode"},"sceneLighting":true,"audioPlay":false,"sceneViewState":{"showFog":true,"showMaterialUpdate":false,"showSkybox":true,"showFlares":true,"showImageEffects":true,"showParticleSystems":true},"in2DMode":false,"pivot":{"x":2.6588823795318605,"y":-5.126337051391602,"z":23.710811614990236},"rotation":{"x":-0.08565010130405426,"y":-0.03676023334264755,"z":0.0031469936948269607,"w":-0.9956726431846619},"size":14.42928695678711,"orthographic":false}